date,sales,day_of_week,week_of_year,month,quarter,year,is_weekend,is_month_start,is_month_end,is_quarter_start,is_quarter_end
2021-01-01,1024.84,4,53,1,1,2021,0,1,0,1,0
2021-01-02,1133.29,5,53,1,1,2021,1,0,0,0,0
2021-01-03,1223.78,6,53,1,1,2021,1,0,0,0,0
2021-01-04,1207.26,0,1,1,1,2021,0,0,0,0,0
2021-01-05,1008.12,1,1,1,1,2021,0,0,0,0,0
2021-01-06,943.35,2,1,1,1,2021,0,0,0,0,0
2021-01-07,1076.44,3,1,1,1,2021,0,0,0,0,0
2021-01-08,1163.37,4,1,1,1,2021,0,0,0,0,0
2021-01-09,1225.67,5,1,1,1,2021,1,0,0,0,0
2021-01-10,1308.7,6,1,1,1,2021,1,0,0,0,0
2021-01-11,1177.44,0,2,1,1,2021,0,0,0,0,0
2021-01-12,1044.34,1,2,1,1,2021,0,0,0,0,0
2021-01-13,993.14,2,2,1,1,2021,0,0,0,0,0
2021-01-14,906.81,3,2,1,1,2021,0,0,0,0,0
2021-01-15,1024.44,4,2,1,1,2021,0,0,0,0,0
2021-01-16,1189.91,5,2,1,1,2021,1,0,0,0,0
2021-01-17,1186.24,6,2,1,1,2021,1,0,0,0,0
2021-01-18,1161.85,0,3,1,1,2021,0,0,0,0,0
2021-01-19,962.18,1,3,1,1,2021,0,0,0,0,0
2021-01-20,849.24,2,3,1,1,2021,0,0,0,0,0
2021-01-21,1017.89,3,3,1,1,2021,0,0,0,0,0
2021-01-22,1049.18,4,3,1,1,2021,0,0,0,0,0
2021-01-23,1182.83,5,3,1,1,2021,1,0,0,0,0
2021-01-24,1142.21,6,3,1,1,2021,1,0,0,0,0
2021-01-25,1113.46,0,4,1,1,2021,0,0,0,0,0
2021-01-26,1027.71,1,4,1,1,2021,0,0,0,0,0
2021-01-27,898.13,2,4,1,1,2021,0,0,0,0,0
2021-01-28,1020.76,3,4,1,1,2021,0,0,0,0,0
2021-01-29,1108.73,4,4,1,1,2021,0,0,0,0,0
2021-01-30,1262.55,5,4,1,1,2021,1,0,0,0,0
2021-01-31,1298.07,6,4,1,1,2021,1,0,1,0,0
2021-02-01,1361.93,0,5,2,1,2021,0,1,0,0,0
2021-02-02,1160.36,1,5,2,1,2021,0,0,0,0,0
2021-02-03,1047.76,2,5,2,1,2021,0,0,0,0,0
2021-02-04,1189.74,3,5,2,1,2021,0,0,0,0,0
2021-02-05,1221.52,4,5,2,1,2021,0,0,0,0,0
2021-02-06,1424.16,5,5,2,1,2021,1,0,0,0,0
2021-02-07,1355.43,6,5,2,1,2021,1,0,0,0,0
2021-02-08,1313.21,0,6,2,1,2021,0,0,0,0,0
2021-02-09,1263.21,1,6,2,1,2021,0,0,0,0,0
2021-02-10,1209.66,2,6,2,1,2021,0,0,0,0,0
2021-02-11,1207.61,3,6,2,1,2021,0,0,0,0,0
2021-02-12,1305.03,4,6,2,1,2021,0,0,0,0,0
2021-02-13,1405.15,5,6,2,1,2021,1,0,0,0,0
2021-02-14,1365.52,6,6,2,1,2021,1,0,0,0,0
2021-02-15,1311.38,0,7,2,1,2021,0,0,0,0,0
2021-02-16,1182.73,1,7,2,1,2021,0,0,0,0,0
2021-02-17,1166.19,2,7,2,1,2021,0,0,0,0,0
2021-02-18,1149.07,3,7,2,1,2021,0,0,0,0,0
2021-02-19,1152.12,4,7,2,1,2021,0,0,0,0,0
2021-02-20,1366.95,5,7,2,1,2021,1,0,0,0,0
2021-02-21,1356.24,6,7,2,1,2021,1,0,0,0,0
2021-02-22,1259.24,0,8,2,1,2021,0,0,0,0,0
2021-02-23,1195.46,1,8,2,1,2021,0,0,0,0,0
2021-02-24,1140.55,2,8,2,1,2021,0,0,0,0,0
2021-02-25,1173.1,3,8,2,1,2021,0,0,0,0,0
2021-02-26,1213.52,4,8,2,1,2021,0,0,0,0,0
2021-02-27,1371.77,5,8,2,1,2021,1,0,0,0,0
2021-02-28,1449.6,6,8,2,1,2021,1,0,1,0,0
2021-03-01,1419.32,0,9,3,1,2021,0,1,0,0,0
2021-03-02,1236.29,1,9,3,1,2021,0,0,0,0,0
2021-03-03,1190.23,2,9,3,1,2021,0,0,0,0,0
2021-03-04,1193.41,3,9,3,1,2021,0,0,0,0,0
2021-03-05,1325.59,4,9,3,1,2021,0,0,0,0,0
2021-03-06,1561.18,5,9,3,1,2021,1,0,0,0,0
2021-03-07,1633.09,6,9,3,1,2021,1,0,0,0,0
2021-03-08,1493.65,0,10,3,1,2021,0,0,0,0,0
2021-03-09,1427.35,1,10,3,1,2021,0,0,0,0,0
2021-03-10,1320.87,2,10,3,1,2021,0,0,0,0,0
2021-03-11,1302.8,3,10,3,1,2021,0,0,0,0,0
2021-03-12,1470.26,4,10,3,1,2021,0,0,0,0,0
2021-03-13,1642.9,5,10,3,1,2021,1,0,0,0,0
2021-03-14,1586.67,6,10,3,1,2021,1,0,0,0,0
2021-03-15,1576.41,0,11,3,1,2021,0,0,0,0,0
2021-03-16,1225.79,1,11,3,1,2021,0,0,0,0,0
2021-03-17,1303.96,2,11,3,1,2021,0,0,0,0,0
2021-03-18,1282.59,3,11,3,1,2021,0,0,0,0,0
2021-03-19,1366.8,4,11,3,1,2021,0,0,0,0,0
2021-03-20,1490.4,5,11,3,1,2021,1,0,0,0,0
2021-03-21,1403.4,6,11,3,1,2021,1,0,0,0,0
2021-03-22,1400.46,0,12,3,1,2021,0,0,0,0,0
2021-03-23,1291.32,1,12,3,1,2021,0,0,0,0,0
2021-03-24,1261.18,2,12,3,1,2021,0,0,0,0,0
2021-03-25,1188.41,3,12,3,1,2021,0,0,0,0,0
2021-03-26,1292.52,4,12,3,1,2021,0,0,0,0,0
2021-03-27,1429.78,5,12,3,1,2021,1,0,0,0,0
2021-03-28,1537.45,6,12,3,1,2021,1,0,0,0,0
2021-03-29,1437.73,0,13,3,1,2021,0,0,0,0,0
2021-03-30,1277.97,1,13,3,1,2021,0,0,0,0,0
2021-03-31,1264.35,2,13,3,1,2021,0,0,1,0,1
2021-04-01,1289.37,3,13,4,2,2021,0,1,0,1,0
2021-04-02,1467.92,4,13,4,2,2021,0,0,0,0,0
2021-04-03,1519.49,5,13,4,2,2021,1,0,0,0,0
2021-04-04,1584.43,6,13,4,2,2021,1,0,0,0,0
2021-04-05,1516.07,0,14,4,2,2021,0,0,0,0,0
2021-04-06,1346.48,1,14,4,2,2021,0,0,0,0,0
2021-04-07,1365.03,2,14,4,2,2021,0,0,0,0,0
2021-04-08,1401.08,3,14,4,2,2021,0,0,0,0,0
2021-04-09,1511.17,4,14,4,2,2021,0,0,0,0,0
2021-04-10,1618.66,5,14,4,2,2021,1,0,0,0,0
2021-04-11,1587.3,6,14,4,2,2021,1,0,0,0,0
2021-04-12,1551.18,0,15,4,2,2021,0,0,0,0,0
2021-04-13,1417.05,1,15,4,2,2021,0,0,0,0,0
2021-04-14,1302.22,2,15,4,2,2021,0,0,0,0,0
2021-04-15,1350.19,3,15,4,2,2021,0,0,0,0,0
2021-04-16,1480.9,4,15,4,2,2021,0,0,0,0,0
2021-04-17,1656.3,5,15,4,2,2021,1,0,0,0,0
2021-04-18,1583.24,6,15,4,2,2021,1,0,0,0,0
2021-04-19,1490.02,0,16,4,2,2021,0,0,0,0,0
2021-04-20,1327.97,1,16,4,2,2021,0,0,0,0,0
2021-04-21,1140.88,2,16,4,2,2021,0,0,0,0,0
2021-04-22,1252.88,3,16,4,2,2021,0,0,0,0,0
2021-04-23,1365.53,4,16,4,2,2021,0,0,0,0,0
2021-04-24,1596.98,5,16,4,2,2021,1,0,0,0,0
2021-04-25,1490.41,6,16,4,2,2021,1,0,0,0,0
2021-04-26,1434.5,0,17,4,2,2021,0,0,0,0,0
2021-04-27,1291.34,1,17,4,2,2021,0,0,0,0,0
2021-04-28,1160.38,2,17,4,2,2021,0,0,0,0,0
2021-04-29,1314.55,3,17,4,2,2021,0,0,0,0,0
2021-04-30,1424.22,4,17,4,2,2021,0,0,1,0,0
2021-05-01,1557.14,5,17,5,2,2021,1,1,0,0,0
2021-05-02,1515.9,6,17,5,2,2021,1,0,0,0,0
2021-05-03,1565.62,0,18,5,2,2021,0,0,0,0,0
2021-05-04,1310.25,1,18,5,2,2021,0,0,0,0,0
2021-05-05,1342.62,2,18,5,2,2021,0,0,0,0,0
2021-05-06,1464.26,3,18,5,2,2021,0,0,0,0,0
2021-05-07,1432.8,4,18,5,2,2021,0,0,0,0,0
2021-05-08,1578.93,5,18,5,2,2021,1,0,0,0,0
2021-05-09,1645.76,6,18,5,2,2021,1,0,0,0,0
2021-05-10,1535.68,0,19,5,2,2021,0,0,0,0,0
2021-05-11,1350.93,1,19,5,2,2021,0,0,0,0,0
2021-05-12,1345.08,2,19,5,2,2021,0,0,0,0,0
2021-05-13,1308.56,3,19,5,2,2021,0,0,0,0,0
2021-05-14,1490.72,4,19,5,2,2021,0,0,0,0,0
2021-05-15,1523.88,5,19,5,2,2021,1,0,0,0,0
2021-05-16,1659.82,6,19,5,2,2021,1,0,0,0,0
2021-05-17,1444.1,0,20,5,2,2021,0,0,0,0,0
2021-05-18,1318.34,1,20,5,2,2021,0,0,0,0,0
2021-05-19,1275.27,2,20,5,2,2021,0,0,0,0,0
2021-05-20,1183.96,3,20,5,2,2021,0,0,0,0,0
2021-05-21,1357.41,4,20,5,2,2021,0,0,0,0,0
2021-05-22,1513.86,5,20,5,2,2021,1,0,0,0,0
2021-05-23,1384.73,6,20,5,2,2021,1,0,0,0,0
2021-05-24,1383.68,0,21,5,2,2021,0,0,0,0,0
2021-05-25,1250.93,1,21,5,2,2021,0,0,0,0,0
2021-05-26,1192.85,2,21,5,2,2021,0,0,0,0,0
2021-05-27,1121.18,3,21,5,2,2021,0,0,0,0,0
2021-05-28,1237.78,4,21,5,2,2021,0,0,0,0,0
2021-05-29,1453.62,5,21,5,2,2021,1,0,0,0,0
2021-05-30,1480.32,6,21,5,2,2021,1,0,0,0,0
2021-05-31,1407.85,0,22,5,2,2021,0,0,1,0,0
2021-06-01,1394.94,1,22,6,2,2021,0,1,0,0,0
2021-06-02,1275.7,2,22,6,2,2021,0,0,0,0,0
2021-06-03,1363.62,3,22,6,2,2021,0,0,0,0,0
2021-06-04,1496.68,4,22,6,2,2021,0,0,0,0,0
2021-06-05,1575.04,5,22,6,2,2021,1,0,0,0,0
2021-06-06,1742.58,6,22,6,2,2021,1,0,0,0,0
2021-06-07,1598.96,0,23,6,2,2021,0,0,0,0,0
2021-06-08,1389.79,1,23,6,2,2021,0,0,0,0,0
2021-06-09,1402.07,2,23,6,2,2021,0,0,0,0,0
2021-06-10,1347.14,3,23,6,2,2021,0,0,0,0,0
2021-06-11,1546.75,4,23,6,2,2021,0,0,0,0,0
2021-06-12,1673.51,5,23,6,2,2021,1,0,0,0,0
2021-06-13,1591.34,6,23,6,2,2021,1,0,0,0,0
2021-06-14,1584.5,0,24,6,2,2021,0,0,0,0,0
2021-06-15,1409.68,1,24,6,2,2021,0,0,0,0,0
2021-06-16,1330.22,2,24,6,2,2021,0,0,0,0,0
2021-06-17,1393.14,3,24,6,2,2021,0,0,0,0,0
2021-06-18,1383.21,4,24,6,2,2021,0,0,0,0,0
2021-06-19,1455.35,5,24,6,2,2021,1,0,0,0,0
2021-06-20,1458.88,6,24,6,2,2021,1,0,0,0,0
2021-06-21,1364.47,0,25,6,2,2021,0,0,0,0,0
2021-06-22,1256.57,1,25,6,2,2021,0,0,0,0,0
2021-06-23,1184.39,2,25,6,2,2021,0,0,0,0,0
2021-06-24,1201.28,3,25,6,2,2021,0,0,0,0,0
2021-06-25,1340.54,4,25,6,2,2021,0,0,0,0,0
2021-06-26,1414.96,5,25,6,2,2021,1,0,0,0,0
2021-06-27,1517.11,6,25,6,2,2021,1,0,0,0,0
2021-06-28,1354.32,0,26,6,2,2021,0,0,0,0,0
2021-06-29,1380.44,1,26,6,2,2021,0,0,0,0,0
2021-06-30,1203.92,2,26,6,2,2021,0,0,1,0,1
2021-07-01,1169.86,3,26,7,3,2021,0,1,0,1,0
2021-07-02,1288.69,4,26,7,3,2021,0,0,0,0,0
2021-07-03,1496.32,5,26,7,3,2021,1,0,0,0,0
2021-07-04,1502.42,6,26,7,3,2021,1,0,0,0,0
2021-07-05,1479.63,0,27,7,3,2021,0,0,0,0,0
2021-07-06,1347.34,1,27,7,3,2021,0,0,0,0,0
2021-07-07,1246.63,2,27,7,3,2021,0,0,0,0,0
2021-07-08,1241.98,3,27,7,3,2021,0,0,0,0,0
2021-07-09,1327.92,4,27,7,3,2021,0,0,0,0,0
2021-07-10,1497.4,5,27,7,3,2021,1,0,0,0,0
2021-07-11,1586.91,6,27,7,3,2021,1,0,0,0,0
2021-07-12,1465.71,0,28,7,3,2021,0,0,0,0,0
2021-07-13,1251.45,1,28,7,3,2021,0,0,0,0,0
2021-07-14,1227.29,2,28,7,3,2021,0,0,0,0,0
2021-07-15,1250.51,3,28,7,3,2021,0,0,0,0,0
2021-07-16,1286.09,4,28,7,3,2021,0,0,0,0,0
2021-07-17,1435.77,5,28,7,3,2021,1,0,0,0,0
2021-07-18,1439.89,6,28,7,3,2021,1,0,0,0,0
2021-07-19,1278.74,0,29,7,3,2021,0,0,0,0,0
2021-07-20,1204.49,1,29,7,3,2021,0,0,0,0,0
2021-07-21,1115.84,2,29,7,3,2021,0,0,0,0,0
2021-07-22,1155.35,3,29,7,3,2021,0,0,0,0,0
2021-07-23,1258.19,4,29,7,3,2021,0,0,0,0,0
2021-07-24,1243.91,5,29,7,3,2021,1,0,0,0,0
2021-07-25,1288.16,6,29,7,3,2021,1,0,0,0,0
2021-07-26,1276.35,0,30,7,3,2021,0,0,0,0,0
2021-07-27,1146.25,1,30,7,3,2021,0,0,0,0,0
2021-07-28,1068.53,2,30,7,3,2021,0,0,0,0,0
2021-07-29,1270.75,3,30,7,3,2021,0,0,0,0,0
2021-07-30,1232.87,4,30,7,3,2021,0,0,0,0,0
2021-07-31,1389.37,5,30,7,3,2021,1,0,1,0,0
2021-08-01,1421.7,6,30,8,3,2021,1,1,0,0,0
2021-08-02,1338.66,0,31,8,3,2021,0,0,0,0,0
2021-08-03,1173.5,1,31,8,3,2021,0,0,0,0,0
2021-08-04,1158.81,2,31,8,3,2021,0,0,0,0,0
2021-08-05,1122.66,3,31,8,3,2021,0,0,0,0,0
2021-08-06,1276.35,4,31,8,3,2021,0,0,0,0,0
2021-08-07,1388.39,5,31,8,3,2021,1,0,0,0,0
2021-08-08,1450.08,6,31,8,3,2021,1,0,0,0,0
2021-08-09,1481.79,0,32,8,3,2021,0,0,0,0,0
2021-08-10,1140.44,1,32,8,3,2021,0,0,0,0,0
2021-08-11,1181.54,2,32,8,3,2021,0,0,0,0,0
2021-08-12,1086.91,3,32,8,3,2021,0,0,0,0,0
2021-08-13,1249.63,4,32,8,3,2021,0,0,0,0,0
2021-08-14,1430.77,5,32,8,3,2021,1,0,0,0,0
2021-08-15,1392.25,6,32,8,3,2021,1,0,0,0,0
2021-08-16,1236.24,0,33,8,3,2021,0,0,0,0,0
2021-08-17,1105.61,1,33,8,3,2021,0,0,0,0,0
2021-08-18,1075.47,2,33,8,3,2021,0,0,0,0,0
2021-08-19,1015.75,3,33,8,3,2021,0,0,0,0,0
2021-08-20,1163.42,4,33,8,3,2021,0,0,0,0,0
2021-08-21,1257.06,5,33,8,3,2021,1,0,0,0,0
2021-08-22,1238.5,6,33,8,3,2021,1,0,0,0,0
2021-08-23,1287.32,0,34,8,3,2021,0,0,0,0,0
2021-08-24,1075.05,1,34,8,3,2021,0,0,0,0,0
2021-08-25,857.75,2,34,8,3,2021,0,0,0,0,0
2021-08-26,997.57,3,34,8,3,2021,0,0,0,0,0
2021-08-27,1076.09,4,34,8,3,2021,0,0,0,0,0
2021-08-28,1275.89,5,34,8,3,2021,1,0,0,0,0
2021-08-29,1232.22,6,34,8,3,2021,1,0,0,0,0
2021-08-30,1196.9,0,35,8,3,2021,0,0,0,0,0
2021-08-31,1111.44,1,35,8,3,2021,0,0,1,0,0
2021-09-01,963.15,2,35,9,3,2021,0,1,0,0,0
2021-09-02,904.09,3,35,9,3,2021,0,0,0,0,0
2021-09-03,1079.67,4,35,9,3,2021,0,0,0,0,0
2021-09-04,1203.99,5,35,9,3,2021,1,0,0,0,0
2021-09-05,1236.52,6,35,9,3,2021,1,0,0,0,0
2021-09-06,1286.64,0,36,9,3,2021,0,0,0,0,0
2021-09-07,1096.15,1,36,9,3,2021,0,0,0,0,0
2021-09-08,936.41,2,36,9,3,2021,0,0,0,0,0
2021-09-09,1075.79,3,36,9,3,2021,0,0,0,0,0
2021-09-10,1251.45,4,36,9,3,2021,0,0,0,0,0
2021-09-11,1309.15,5,36,9,3,2021,1,0,0,0,0
2021-09-12,1202.37,6,36,9,3,2021,1,0,0,0,0
2021-09-13,1162.09,0,37,9,3,2021,0,0,0,0,0
2021-09-14,1106.31,1,37,9,3,2021,0,0,0,0,0
2021-09-15,911.52,2,37,9,3,2021,0,0,0,0,0
2021-09-16,982.04,3,37,9,3,2021,0,0,0,0,0
2021-09-17,1099.41,4,37,9,3,2021,0,0,0,0,0
2021-09-18,1115.43,5,37,9,3,2021,1,0,0,0,0
2021-09-19,1172.54,6,37,9,3,2021,1,0,0,0,0
2021-09-20,918.69,0,38,9,3,2021,0,0,0,0,0
2021-09-21,887.97,1,38,9,3,2021,0,0,0,0,0
2021-09-22,836.71,2,38,9,3,2021,0,0,0,0,0
2021-09-23,810.31,3,38,9,3,2021,0,0,0,0,0
2021-09-24,1069.34,4,38,9,3,2021,0,0,0,0,0
2021-09-25,1034.71,5,38,9,3,2021,1,0,0,0,0
2021-09-26,1117.85,6,38,9,3,2021,1,0,0,0,0
2021-09-27,1073.2,0,39,9,3,2021,0,0,0,0,0
2021-09-28,1019.52,1,39,9,3,2021,0,0,0,0,0
2021-09-29,808.03,2,39,9,3,2021,0,0,0,0,0
2021-09-30,982.5,3,39,9,3,2021,0,0,1,0,1
2021-10-01,1059.12,4,39,10,4,2021,0,1,0,1,0
2021-10-02,1144.55,5,39,10,4,2021,1,0,0,0,0
2021-10-03,1263.49,6,39,10,4,2021,1,0,0,0,0
2021-10-04,1186.35,0,40,10,4,2021,0,0,0,0,0
2021-10-05,1032.09,1,40,10,4,2021,0,0,0,0,0
2021-10-06,998.4,2,40,10,4,2021,0,0,0,0,0
2021-10-07,1016.14,3,40,10,4,2021,0,0,0,0,0
2021-10-08,1167.05,4,40,10,4,2021,0,0,0,0,0
2021-10-09,1317.32,5,40,10,4,2021,1,0,0,0,0
2021-10-10,1394.76,6,40,10,4,2021,1,0,0,0,0
2021-10-11,1171.4,0,41,10,4,2021,0,0,0,0,0
2021-10-12,1205.59,1,41,10,4,2021,0,0,0,0,0
2021-10-13,913.11,2,41,10,4,2021,0,0,0,0,0
2021-10-14,1022.53,3,41,10,4,2021,0,0,0,0,0
2021-10-15,1165.26,4,41,10,4,2021,0,0,0,0,0
2021-10-16,1254.23,5,41,10,4,2021,1,0,0,0,0
2021-10-17,1224.34,6,41,10,4,2021,1,0,0,0,0
2021-10-18,1150.2,0,42,10,4,2021,0,0,0,0,0
2021-10-19,992.74,1,42,10,4,2021,0,0,0,0,0
2021-10-20,895.04,2,42,10,4,2021,0,0,0,0,0
2021-10-21,986.18,3,42,10,4,2021,0,0,0,0,0
2021-10-22,1071.55,4,42,10,4,2021,0,0,0,0,0
2021-10-23,1131.98,5,42,10,4,2021,1,0,0,0,0
2021-10-24,1239.48,6,42,10,4,2021,1,0,0,0,0
2021-10-25,1131.05,0,43,10,4,2021,0,0,0,0,0
2021-10-26,1031.97,1,43,10,4,2021,0,0,0,0,0
2021-10-27,950.84,2,43,10,4,2021,0,0,0,0,0
2021-10-28,919.19,3,43,10,4,2021,0,0,0,0,0
2021-10-29,1064.98,4,43,10,4,2021,0,0,0,0,0
2021-10-30,1264.97,5,43,10,4,2021,1,0,0,0,0
2021-10-31,1306.13,6,43,10,4,2021,1,0,1,0,0
2021-11-01,1213.49,0,44,11,4,2021,0,1,0,0,0
2021-11-02,1110.68,1,44,11,4,2021,0,0,0,0,0
2021-11-03,1107.63,2,44,11,4,2021,0,0,0,0,0
2021-11-04,1062.21,3,44,11,4,2021,0,0,0,0,0
2021-11-05,1253.83,4,44,11,4,2021,0,0,0,0,0
2021-11-06,1348.83,5,44,11,4,2021,1,0,0,0,0
2021-11-07,1389.51,6,44,11,4,2021,1,0,0,0,0
2021-11-08,1383.64,0,45,11,4,2021,0,0,0,0,0
2021-11-09,1246.02,1,45,11,4,2021,0,0,0,0,0
2021-11-10,1167.15,2,45,11,4,2021,0,0,0,0,0
2021-11-11,1220.34,3,45,11,4,2021,0,0,0,0,0
2021-11-12,1269.98,4,45,11,4,2021,0,0,0,0,0
2021-11-13,1414.18,5,45,11,4,2021,1,0,0,0,0
2021-11-14,1385.17,6,45,11,4,2021,1,0,0,0,0
2021-11-15,1325.69,0,46,11,4,2021,0,0,0,0,0
2021-11-16,1161.72,1,46,11,4,2021,0,0,0,0,0
2021-11-17,1080.45,2,46,11,4,2021,0,0,0,0,0
2021-11-18,1123.19,3,46,11,4,2021,0,0,0,0,0
2021-11-19,1159.68,4,46,11,4,2021,0,0,0,0,0
2021-11-20,1414.02,5,46,11,4,2021,1,0,0,0,0
2021-11-21,1281.85,6,46,11,4,2021,1,0,0,0,0
2021-11-22,1186.8,0,47,11,4,2021,0,0,0,0,0
2021-11-23,1974.86,1,47,11,4,2021,0,0,0,0,0
2021-11-24,1878.33,2,47,11,4,2021,0,0,0,0,0
2021-11-25,1905.32,3,47,11,4,2021,0,0,0,0,0
2021-11-26,2032.61,4,47,11,4,2021,0,0,0,0,0
2021-11-27,2130.88,5,47,11,4,2021,1,0,0,0,0
2021-11-28,2131.54,6,47,11,4,2021,1,0,0,0,0
2021-11-29,2117.44,0,48,11,4,2021,0,0,0,0,0
2021-11-30,1969.96,1,48,11,4,2021,0,0,1,0,0
2021-12-01,1193.05,2,48,12,4,2021,0,1,0,0,0
2021-12-02,1188.18,3,48,12,4,2021,0,0,0,0,0
2021-12-03,1293.73,4,48,12,4,2021,0,0,0,0,0
2021-12-04,1457.65,5,48,12,4,2021,1,0,0,0,0
2021-12-05,1543.35,6,48,12,4,2021,1,0,0,0,0
2021-12-06,1431.35,0,49,12,4,2021,0,0,0,0,0
2021-12-07,1303.72,1,49,12,4,2021,0,0,0,0,0
2021-12-08,1288.39,2,49,12,4,2021,0,0,0,0,0
2021-12-09,1326.74,3,49,12,4,2021,0,0,0,0,0
2021-12-10,1412.39,4,49,12,4,2021,0,0,0,0,0
2021-12-11,1534.09,5,49,12,4,2021,1,0,0,0,0
2021-12-12,1597.64,6,49,12,4,2021,1,0,0,0,0
2021-12-13,1429.01,0,50,12,4,2021,0,0,0,0,0
2021-12-14,1294.91,1,50,12,4,2021,0,0,0,0,0
2021-12-15,1840.27,2,50,12,4,2021,0,0,0,0,0
2021-12-16,1885.16,3,50,12,4,2021,0,0,0,0,0
2021-12-17,2018.62,4,50,12,4,2021,0,0,0,0,0
2021-12-18,2184.07,5,50,12,4,2021,1,0,0,0,0
2021-12-19,2172.78,6,50,12,4,2021,1,0,0,0,0
2021-12-20,2032.71,0,51,12,4,2021,0,0,0,0,0
2021-12-21,1903.52,1,51,12,4,2021,0,0,0,0,0
2021-12-22,1769.6,2,51,12,4,2021,0,0,0,0,0
2021-12-23,1847.09,3,51,12,4,2021,0,0,0,0,0
2021-12-24,1953.39,4,51,12,4,2021,0,0,0,0,0
2021-12-25,2107.14,5,51,12,4,2021,1,0,0,0,0
2021-12-26,1487.91,6,51,12,4,2021,1,0,0,0,0
2021-12-27,1486.67,0,52,12,4,2021,0,0,0,0,0
2021-12-28,1422.78,1,52,12,4,2021,0,0,0,0,0
2021-12-29,1277.78,2,52,12,4,2021,0,0,0,0,0
2021-12-30,1352.64,3,52,12,4,2021,0,0,0,0,0
2021-12-31,1506.25,4,52,12,4,2021,0,0,1,0,1
2022-01-01,1591.76,5,52,1,1,2022,1,1,0,1,0
2022-01-02,1674.99,6,52,1,1,2022,1,0,0,0,0
2022-01-03,1605.75,0,1,1,1,2022,0,0,0,0,0
2022-01-04,1501.15,1,1,1,1,2022,0,0,0,0,0
2022-01-05,1395.96,2,1,1,1,2022,0,0,0,0,0
2022-01-06,1481.93,3,1,1,1,2022,0,0,0,0,0
2022-01-07,1637.2,4,1,1,1,2022,0,0,0,0,0
2022-01-08,1813.3,5,1,1,1,2022,1,0,0,0,0
2022-01-09,1825.49,6,1,1,1,2022,1,0,0,0,0
2022-01-10,1808.43,0,2,1,1,2022,0,0,0,0,0
2022-01-11,1533.33,1,2,1,1,2022,0,0,0,0,0
2022-01-12,1532.15,2,2,1,1,2022,0,0,0,0,0
2022-01-13,1521.93,3,2,1,1,2022,0,0,0,0,0
2022-01-14,1732.52,4,2,1,1,2022,0,0,0,0,0
2022-01-15,1691.19,5,2,1,1,2022,1,0,0,0,0
2022-01-16,1708.83,6,2,1,1,2022,1,0,0,0,0
2022-01-17,1629.56,0,3,1,1,2022,0,0,0,0,0
2022-01-18,1413.36,1,3,1,1,2022,0,0,0,0,0
2022-01-19,1403.32,2,3,1,1,2022,0,0,0,0,0
2022-01-20,1413.47,3,3,1,1,2022,0,0,0,0,0
2022-01-21,1571.3,4,3,1,1,2022,0,0,0,0,0
2022-01-22,1695.91,5,3,1,1,2022,1,0,0,0,0
2022-01-23,1802.41,6,3,1,1,2022,1,0,0,0,0
2022-01-24,1679.05,0,4,1,1,2022,0,0,0,0,0
2022-01-25,1479.97,1,4,1,1,2022,0,0,0,0,0
2022-01-26,1393.49,2,4,1,1,2022,0,0,0,0,0
2022-01-27,1505.83,3,4,1,1,2022,0,0,0,0,0
2022-01-28,1549.13,4,4,1,1,2022,0,0,0,0,0
2022-01-29,1842.94,5,4,1,1,2022,1,0,0,0,0
2022-01-30,1860.02,6,4,1,1,2022,1,0,0,0,0
2022-01-31,1718.29,0,5,1,1,2022,0,0,1,0,0
2022-02-01,1548.24,1,5,2,1,2022,0,1,0,0,0
2022-02-02,1642.51,2,5,2,1,2022,0,0,0,0,0
2022-02-03,1619.19,3,5,2,1,2022,0,0,0,0,0
2022-02-04,1823.64,4,5,2,1,2022,0,0,0,0,0
2022-02-05,1816.68,5,5,2,1,2022,1,0,0,0,0
2022-02-06,1910.1,6,5,2,1,2022,1,0,0,0,0
2022-02-07,1870.81,0,6,2,1,2022,0,0,0,0,0
2022-02-08,1751.05,1,6,2,1,2022,0,0,0,0,0
2022-02-09,1649.92,2,6,2,1,2022,0,0,0,0,0
2022-02-10,1733.99,3,6,2,1,2022,0,0,0,0,0
2022-02-11,1764.94,4,6,2,1,2022,0,0,0,0,0
2022-02-12,1923.73,5,6,2,1,2022,1,0,0,0,0
2022-02-13,1958.56,6,6,2,1,2022,1,0,0,0,0
2022-02-14,1887.84,0,7,2,1,2022,0,0,0,0,0
2022-02-15,1756.88,1,7,2,1,2022,0,0,0,0,0
2022-02-16,1572.54,2,7,2,1,2022,0,0,0,0,0
2022-02-17,1569.64,3,7,2,1,2022,0,0,0,0,0
2022-02-18,1816.79,4,7,2,1,2022,0,0,0,0,0
2022-02-19,1877.41,5,7,2,1,2022,1,0,0,0,0
2022-02-20,1844.89,6,7,2,1,2022,1,0,0,0,0
2022-02-21,1873.73,0,8,2,1,2022,0,0,0,0,0
2022-02-22,1669.68,1,8,2,1,2022,0,0,0,0,0
2022-02-23,1642.74,2,8,2,1,2022,0,0,0,0,0
2022-02-24,1620.46,3,8,2,1,2022,0,0,0,0,0
2022-02-25,1845.05,4,8,2,1,2022,0,0,0,0,0
2022-02-26,1957.89,5,8,2,1,2022,1,0,0,0,0
2022-02-27,1900.36,6,8,2,1,2022,1,0,0,0,0
2022-02-28,1896.46,0,9,2,1,2022,0,0,1,0,0
2022-03-01,1768.19,1,9,3,1,2022,0,1,0,0,0
2022-03-02,1742.8,2,9,3,1,2022,0,0,0,0,0
2022-03-03,1675.42,3,9,3,1,2022,0,0,0,0,0
2022-03-04,1895.61,4,9,3,1,2022,0,0,0,0,0
2022-03-05,2051.2,5,9,3,1,2022,1,0,0,0,0
2022-03-06,1957.67,6,9,3,1,2022,1,0,0,0,0
2022-03-07,1921.7,0,10,3,1,2022,0,0,0,0,0
2022-03-08,1762.64,1,10,3,1,2022,0,0,0,0,0
2022-03-09,1780.95,2,10,3,1,2022,0,0,0,0,0
2022-03-10,1866.98,3,10,3,1,2022,0,0,0,0,0
2022-03-11,2027.78,4,10,3,1,2022,0,0,0,0,0
2022-03-12,2074.45,5,10,3,1,2022,1,0,0,0,0
2022-03-13,2178.58,6,10,3,1,2022,1,0,0,0,0
2022-03-14,1941.3,0,11,3,1,2022,0,0,0,0,0
2022-03-15,1786.53,1,11,3,1,2022,0,0,0,0,0
2022-03-16,1777.05,2,11,3,1,2022,0,0,0,0,0
2022-03-17,1815.61,3,11,3,1,2022,0,0,0,0,0
2022-03-18,1898.61,4,11,3,1,2022,0,0,0,0,0
2022-03-19,1900.36,5,11,3,1,2022,1,0,0,0,0
2022-03-20,2014.8,6,11,3,1,2022,1,0,0,0,0
2022-03-21,1860.47,0,12,3,1,2022,0,0,0,0,0
2022-03-22,1818.26,1,12,3,1,2022,0,0,0,0,0
2022-03-23,1713.43,2,12,3,1,2022,0,0,0,0,0
2022-03-24,1671.22,3,12,3,1,2022,0,0,0,0,0
2022-03-25,1806.98,4,12,3,1,2022,0,0,0,0,0
2022-03-26,1897.41,5,12,3,1,2022,1,0,0,0,0
2022-03-27,1979.93,6,12,3,1,2022,1,0,0,0,0
2022-03-28,1956.63,0,13,3,1,2022,0,0,0,0,0
2022-03-29,1739.4,1,13,3,1,2022,0,0,0,0,0
2022-03-30,1745.39,2,13,3,1,2022,0,0,0,0,0
2022-03-31,1737.5,3,13,3,1,2022,0,0,1,0,1
2022-04-01,1858.16,4,13,4,2,2022,0,1,0,1,0
2022-04-02,2027.26,5,13,4,2,2022,1,0,0,0,0
2022-04-03,2027.67,6,13,4,2,2022,1,0,0,0,0
2022-04-04,1988.08,0,14,4,2,2022,0,0,0,0,0
2022-04-05,1842.13,1,14,4,2,2022,0,0,0,0,0
2022-04-06,1933.83,2,14,4,2,2022,0,0,0,0,0
2022-04-07,1878.77,3,14,4,2,2022,0,0,0,0,0
2022-04-08,1968.98,4,14,4,2,2022,0,0,0,0,0
2022-04-09,2138.48,5,14,4,2,2022,1,0,0,0,0
2022-04-10,2154.29,6,14,4,2,2022,1,0,0,0,0
2022-04-11,2067.39,0,15,4,2,2022,0,0,0,0,0
2022-04-12,1975.22,1,15,4,2,2022,0,0,0,0,0
2022-04-13,1894.22,2,15,4,2,2022,0,0,0,0,0
2022-04-14,1848.84,3,15,4,2,2022,0,0,0,0,0
2022-04-15,1951.4,4,15,4,2,2022,0,0,0,0,0
2022-04-16,2069.32,5,15,4,2,2022,1,0,0,0,0
2022-04-17,1981.21,6,15,4,2,2022,1,0,0,0,0
2022-04-18,1923.0,0,16,4,2,2022,0,0,0,0,0
2022-04-19,1920.59,1,16,4,2,2022,0,0,0,0,0
2022-04-20,1837.73,2,16,4,2,2022,0,0,0,0,0
2022-04-21,1757.77,3,16,4,2,2022,0,0,0,0,0
2022-04-22,1904.09,4,16,4,2,2022,0,0,0,0,0
2022-04-23,1998.36,5,16,4,2,2022,1,0,0,0,0
2022-04-24,2158.87,6,16,4,2,2022,1,0,0,0,0
2022-04-25,1976.07,0,17,4,2,2022,0,0,0,0,0
2022-04-26,1783.16,1,17,4,2,2022,0,0,0,0,0
2022-04-27,1663.53,2,17,4,2,2022,0,0,0,0,0
2022-04-28,1666.01,3,17,4,2,2022,0,0,0,0,0
2022-04-29,1882.68,4,17,4,2,2022,0,0,0,0,0
2022-04-30,1963.31,5,17,4,2,2022,1,0,1,0,0
2022-05-01,1972.23,6,17,5,2,2022,1,1,0,0,0
2022-05-02,1944.42,0,18,5,2,2022,0,0,0,0,0
2022-05-03,1807.72,1,18,5,2,2022,0,0,0,0,0
2022-05-04,1880.16,2,18,5,2,2022,0,0,0,0,0
2022-05-05,1883.27,3,18,5,2,2022,0,0,0,0,0
2022-05-06,1969.07,4,18,5,2,2022,0,0,0,0,0
2022-05-07,2171.72,5,18,5,2,2022,1,0,0,0,0
2022-05-08,2138.98,6,18,5,2,2022,1,0,0,0,0
2022-05-09,2016.35,0,19,5,2,2022,0,0,0,0,0
2022-05-10,2007.59,1,19,5,2,2022,0,0,0,0,0
2022-05-11,1875.97,2,19,5,2,2022,0,0,0,0,0
2022-05-12,1821.42,3,19,5,2,2022,0,0,0,0,0
2022-05-13,1973.0,4,19,5,2,2022,0,0,0,0,0
2022-05-14,2044.89,5,19,5,2,2022,1,0,0,0,0
2022-05-15,2034.69,6,19,5,2,2022,1,0,0,0,0
2022-05-16,2053.0,0,20,5,2,2022,0,0,0,0,0
2022-05-17,1954.42,1,20,5,2,2022,0,0,0,0,0
2022-05-18,1689.35,2,20,5,2,2022,0,0,0,0,0
2022-05-19,1797.63,3,20,5,2,2022,0,0,0,0,0
2022-05-20,1835.92,4,20,5,2,2022,0,0,0,0,0
2022-05-21,1944.2,5,20,5,2,2022,1,0,0,0,0
2022-05-22,1952.49,6,20,5,2,2022,1,0,0,0,0
2022-05-23,1844.66,0,21,5,2,2022,0,0,0,0,0
2022-05-24,1749.78,1,21,5,2,2022,0,0,0,0,0
2022-05-25,1617.4,2,21,5,2,2022,0,0,0,0,0
2022-05-26,1697.47,3,21,5,2,2022,0,0,0,0,0
2022-05-27,1798.09,4,21,5,2,2022,0,0,0,0,0
2022-05-28,1908.56,5,21,5,2,2022,1,0,0,0,0
2022-05-29,1909.74,6,21,5,2,2022,1,0,0,0,0
2022-05-30,1853.44,0,22,5,2,2022,0,0,0,0,0
2022-05-31,1800.38,1,22,5,2,2022,0,0,1,0,0
2022-06-01,1818.62,2,22,6,2,2022,0,1,0,0,0
2022-06-02,1786.75,3,22,6,2,2022,0,0,0,0,0
2022-06-03,1971.25,4,22,6,2,2022,0,0,0,0,0
2022-06-04,2134.11,5,22,6,2,2022,1,0,0,0,0
2022-06-05,2053.92,6,22,6,2,2022,1,0,0,0,0
2022-06-06,2093.55,0,23,6,2,2022,0,0,0,0,0
2022-06-07,1910.95,1,23,6,2,2022,0,0,0,0,0
2022-06-08,1896.55,2,23,6,2,2022,0,0,0,0,0
2022-06-09,1860.79,3,23,6,2,2022,0,0,0,0,0
2022-06-10,1924.61,4,23,6,2,2022,0,0,0,0,0
2022-06-11,2045.94,5,23,6,2,2022,1,0,0,0,0
2022-06-12,2150.51,6,23,6,2,2022,1,0,0,0,0
2022-06-13,2068.6,0,24,6,2,2022,0,0,0,0,0
2022-06-14,1866.06,1,24,6,2,2022,0,0,0,0,0
2022-06-15,1845.5,2,24,6,2,2022,0,0,0,0,0
2022-06-16,1741.08,3,24,6,2,2022,0,0,0,0,0
2022-06-17,1918.56,4,24,6,2,2022,0,0,0,0,0
2022-06-18,1958.51,5,24,6,2,2022,1,0,0,0,0
2022-06-19,1995.54,6,24,6,2,2022,1,0,0,0,0
2022-06-20,1930.33,0,25,6,2,2022,0,0,0,0,0
2022-06-21,1737.3,1,25,6,2,2022,0,0,0,0,0
2022-06-22,1664.57,2,25,6,2,2022,0,0,0,0,0
2022-06-23,1750.34,3,25,6,2,2022,0,0,0,0,0
2022-06-24,1778.72,4,25,6,2,2022,0,0,0,0,0
2022-06-25,1960.14,5,25,6,2,2022,1,0,0,0,0
2022-06-26,1887.73,6,25,6,2,2022,1,0,0,0,0
2022-06-27,1889.8,0,26,6,2,2022,0,0,0,0,0
2022-06-28,1808.66,1,26,6,2,2022,0,0,0,0,0
2022-06-29,1538.15,2,26,6,2,2022,0,0,0,0,0
2022-06-30,1659.62,3,26,6,2,2022,0,0,1,0,1
2022-07-01,1856.28,4,26,7,3,2022,0,1,0,1,0
2022-07-02,1946.54,5,26,7,3,2022,1,0,0,0,0
2022-07-03,2016.84,6,26,7,3,2022,1,0,0,0,0
2022-07-04,1899.51,0,27,7,3,2022,0,0,0,0,0
2022-07-05,1815.7,1,27,7,3,2022,0,0,0,0,0
2022-07-06,1732.84,2,27,7,3,2022,0,0,0,0,0
2022-07-07,1836.39,3,27,7,3,2022,0,0,0,0,0
2022-07-08,1913.87,4,27,7,3,2022,0,0,0,0,0
2022-07-09,2038.25,5,27,7,3,2022,1,0,0,0,0
2022-07-10,2029.46,6,27,7,3,2022,1,0,0,0,0
2022-07-11,1940.87,0,28,7,3,2022,0,0,0,0,0
2022-07-12,1806.45,1,28,7,3,2022,0,0,0,0,0
2022-07-13,1756.4,2,28,7,3,2022,0,0,0,0,0
2022-07-14,1731.41,3,28,7,3,2022,0,0,0,0,0
2022-07-15,1868.49,4,28,7,3,2022,0,0,0,0,0
2022-07-16,2057.28,5,28,7,3,2022,1,0,0,0,0
2022-07-17,2006.83,6,28,7,3,2022,1,0,0,0,0
2022-07-18,1845.85,0,29,7,3,2022,0,0,0,0,0
2022-07-19,1772.01,1,29,7,3,2022,0,0,0,0,0
2022-07-20,1590.97,2,29,7,3,2022,0,0,0,0,0
2022-07-21,1520.31,3,29,7,3,2022,0,0,0,0,0
2022-07-22,1672.88,4,29,7,3,2022,0,0,0,0,0
2022-07-23,1733.28,5,29,7,3,2022,1,0,0,0,0
2022-07-24,1827.35,6,29,7,3,2022,1,0,0,0,0
2022-07-25,1757.05,0,30,7,3,2022,0,0,0,0,0
2022-07-26,1705.53,1,30,7,3,2022,0,0,0,0,0
2022-07-27,1556.07,2,30,7,3,2022,0,0,0,0,0
2022-07-28,1560.23,3,30,7,3,2022,0,0,0,0,0
2022-07-29,1735.5,4,30,7,3,2022,0,0,0,0,0
2022-07-30,1709.01,5,30,7,3,2022,1,0,0,0,0
2022-07-31,1870.79,6,30,7,3,2022,1,0,1,0,0
2022-08-01,1828.5,0,31,8,3,2022,0,1,0,0,0
2022-08-02,1598.95,1,31,8,3,2022,0,0,0,0,0
2022-08-03,1662.3,2,31,8,3,2022,0,0,0,0,0
2022-08-04,1663.99,3,31,8,3,2022,0,0,0,0,0
2022-08-05,1755.48,4,31,8,3,2022,0,0,0,0,0
2022-08-06,1935.34,5,31,8,3,2022,1,0,0,0,0
2022-08-07,2054.13,6,31,8,3,2022,1,0,0,0,0
2022-08-08,1873.72,0,32,8,3,2022,0,0,0,0,0
2022-08-09,1749.0,1,32,8,3,2022,0,0,0,0,0
2022-08-10,1631.32,2,32,8,3,2022,0,0,0,0,0
2022-08-11,1636.27,3,32,8,3,2022,0,0,0,0,0
2022-08-12,1829.79,4,32,8,3,2022,0,0,0,0,0
2022-08-13,1851.95,5,32,8,3,2022,1,0,0,0,0
2022-08-14,1913.79,6,32,8,3,2022,1,0,0,0,0
2022-08-15,1789.45,0,33,8,3,2022,0,0,0,0,0
2022-08-16,1689.73,1,33,8,3,2022,0,0,0,0,0
2022-08-17,1582.89,2,33,8,3,2022,0,0,0,0,0
2022-08-18,1628.28,3,33,8,3,2022,0,0,0,0,0
2022-08-19,1649.78,4,33,8,3,2022,0,0,0,0,0
2022-08-20,1761.7,5,33,8,3,2022,1,0,0,0,0
2022-08-21,1739.55,6,33,8,3,2022,1,0,0,0,0
2022-08-22,1671.72,0,34,8,3,2022,0,0,0,0,0
2022-08-23,1571.99,1,34,8,3,2022,0,0,0,0,0
2022-08-24,1502.3,2,34,8,3,2022,0,0,0,0,0
2022-08-25,1443.16,3,34,8,3,2022,0,0,0,0,0
2022-08-26,1649.33,4,34,8,3,2022,0,0,0,0,0
2022-08-27,1793.63,5,34,8,3,2022,1,0,0,0,0
2022-08-28,1781.45,6,34,8,3,2022,1,0,0,0,0
2022-08-29,1782.34,0,35,8,3,2022,0,0,0,0,0
2022-08-30,1531.0,1,35,8,3,2022,0,0,0,0,0
2022-08-31,1439.58,2,35,8,3,2022,0,0,1,0,0
2022-09-01,1356.43,3,35,9,3,2022,0,1,0,0,0
2022-09-02,1652.66,4,35,9,3,2022,0,0,0,0,0
2022-09-03,1743.01,5,35,9,3,2022,1,0,0,0,0
2022-09-04,1750.89,6,35,9,3,2022,1,0,0,0,0
2022-09-05,1699.5,0,36,9,3,2022,0,0,0,0,0
2022-09-06,1510.05,1,36,9,3,2022,0,0,0,0,0
2022-09-07,1615.94,2,36,9,3,2022,0,0,0,0,0
2022-09-08,1534.65,3,36,9,3,2022,0,0,0,0,0
2022-09-09,1653.34,4,36,9,3,2022,0,0,0,0,0
2022-09-10,1800.54,5,36,9,3,2022,1,0,0,0,0
2022-09-11,1813.08,6,36,9,3,2022,1,0,0,0,0
2022-09-12,1711.74,0,37,9,3,2022,0,0,0,0,0
2022-09-13,1520.7,1,37,9,3,2022,0,0,0,0,0
2022-09-14,1490.06,2,37,9,3,2022,0,0,0,0,0
2022-09-15,1575.08,3,37,9,3,2022,0,0,0,0,0
2022-09-16,1649.75,4,37,9,3,2022,0,0,0,0,0
2022-09-17,1763.02,5,37,9,3,2022,1,0,0,0,0
2022-09-18,1670.44,6,37,9,3,2022,1,0,0,0,0
2022-09-19,1549.81,0,38,9,3,2022,0,0,0,0,0
2022-09-20,1448.72,1,38,9,3,2022,0,0,0,0,0
2022-09-21,1364.57,2,38,9,3,2022,0,0,0,0,0
2022-09-22,1435.96,3,38,9,3,2022,0,0,0,0,0
2022-09-23,1407.4,4,38,9,3,2022,0,0,0,0,0
2022-09-24,1682.57,5,38,9,3,2022,1,0,0,0,0
2022-09-25,1627.41,6,38,9,3,2022,1,0,0,0,0
2022-09-26,1536.53,0,39,9,3,2022,0,0,0,0,0
2022-09-27,1384.18,1,39,9,3,2022,0,0,0,0,0
2022-09-28,1281.04,2,39,9,3,2022,0,0,0,0,0
2022-09-29,1446.76,3,39,9,3,2022,0,0,0,0,0
2022-09-30,1541.59,4,39,9,3,2022,0,0,1,0,1
2022-10-01,1607.36,5,39,10,4,2022,1,1,0,1,0
2022-10-02,1653.67,6,39,10,4,2022,1,0,0,0,0
2022-10-03,1638.33,0,40,10,4,2022,0,0,0,0,0
2022-10-04,1625.83,1,40,10,4,2022,0,0,0,0,0
2022-10-05,1464.54,2,40,10,4,2022,0,0,0,0,0
2022-10-06,1445.88,3,40,10,4,2022,0,0,0,0,0
2022-10-07,1638.29,4,40,10,4,2022,0,0,0,0,0
2022-10-08,1763.74,5,40,10,4,2022,1,0,0,0,0
2022-10-09,1677.96,6,40,10,4,2022,1,0,0,0,0
2022-10-10,1732.15,0,41,10,4,2022,0,0,0,0,0
2022-10-11,1593.05,1,41,10,4,2022,0,0,0,0,0
2022-10-12,1554.94,2,41,10,4,2022,0,0,0,0,0
2022-10-13,1635.25,3,41,10,4,2022,0,0,0,0,0
2022-10-14,1707.5,4,41,10,4,2022,0,0,0,0,0
2022-10-15,1743.95,5,41,10,4,2022,1,0,0,0,0
2022-10-16,1718.43,6,41,10,4,2022,1,0,0,0,0
2022-10-17,1807.73,0,42,10,4,2022,0,0,0,0,0
2022-10-18,1538.09,1,42,10,4,2022,0,0,0,0,0
2022-10-19,1441.36,2,42,10,4,2022,0,0,0,0,0
2022-10-20,1456.27,3,42,10,4,2022,0,0,0,0,0
2022-10-21,1574.28,4,42,10,4,2022,0,0,0,0,0
2022-10-22,1666.41,5,42,10,4,2022,1,0,0,0,0
2022-10-23,1668.71,6,42,10,4,2022,1,0,0,0,0
2022-10-24,1586.86,0,43,10,4,2022,0,0,0,0,0
2022-10-25,1483.77,1,43,10,4,2022,0,0,0,0,0
2022-10-26,1381.93,2,43,10,4,2022,0,0,0,0,0
2022-10-27,1410.68,3,43,10,4,2022,0,0,0,0,0
2022-10-28,1580.4,4,43,10,4,2022,0,0,0,0,0
2022-10-29,1693.95,5,43,10,4,2022,1,0,0,0,0
2022-10-30,1827.63,6,43,10,4,2022,1,0,0,0,0
2022-10-31,1557.35,0,44,10,4,2022,0,0,1,0,0
2022-11-01,1634.17,1,44,11,4,2022,0,1,0,0,0
2022-11-02,1581.16,2,44,11,4,2022,0,0,0,0,0
2022-11-03,1464.42,3,44,11,4,2022,0,0,0,0,0
2022-11-04,1687.65,4,44,11,4,2022,0,0,0,0,0
2022-11-05,1821.43,5,44,11,4,2022,1,0,0,0,0
2022-11-06,1814.45,6,44,11,4,2022,1,0,0,0,0
2022-11-07,1778.07,0,45,11,4,2022,0,0,0,0,0
2022-11-08,1641.61,1,45,11,4,2022,0,0,0,0,0
2022-11-09,1710.74,2,45,11,4,2022,0,0,0,0,0
2022-11-10,1702.69,3,45,11,4,2022,0,0,0,0,0
2022-11-11,1837.28,4,45,11,4,2022,0,0,0,0,0
2022-11-12,1924.47,5,45,11,4,2022,1,0,0,0,0
2022-11-13,1855.5,6,45,11,4,2022,1,0,0,0,0
2022-11-14,1796.78,0,46,11,4,2022,0,0,0,0,0
2022-11-15,1707.68,1,46,11,4,2022,0,0,0,0,0
2022-11-16,1530.08,2,46,11,4,2022,0,0,0,0,0
2022-11-17,1644.38,3,46,11,4,2022,0,0,0,0,0
2022-11-18,1702.69,4,46,11,4,2022,0,0,0,0,0
2022-11-19,1802.77,5,46,11,4,2022,1,0,0,0,0
2022-11-20,1877.04,6,46,11,4,2022,1,0,0,0,0
2022-11-21,1775.65,0,47,11,4,2022,0,0,0,0,0
2022-11-22,1600.93,1,47,11,4,2022,0,0,0,0,0
2022-11-23,2394.5,2,47,11,4,2022,0,0,0,0,0
2022-11-24,2313.45,3,47,11,4,2022,0,0,0,0,0
2022-11-25,2521.01,4,47,11,4,2022,0,0,0,0,0
2022-11-26,2646.01,5,47,11,4,2022,1,0,0,0,0
2022-11-27,2641.99,6,47,11,4,2022,1,0,0,0,0
2022-11-28,2607.79,0,48,11,4,2022,0,0,0,0,0
2022-11-29,2416.52,1,48,11,4,2022,0,0,0,0,0
2022-11-30,2463.98,2,48,11,4,2022,0,0,1,0,0
2022-12-01,1658.84,3,48,12,4,2022,0,1,0,0,0
2022-12-02,1781.38,4,48,12,4,2022,0,0,0,0,0
2022-12-03,1999.54,5,48,12,4,2022,1,0,0,0,0
2022-12-04,1962.56,6,48,12,4,2022,1,0,0,0,0
2022-12-05,1866.67,0,49,12,4,2022,0,0,0,0,0
2022-12-06,1747.72,1,49,12,4,2022,0,0,0,0,0
2022-12-07,1790.91,2,49,12,4,2022,0,0,0,0,0
2022-12-08,1738.94,3,49,12,4,2022,0,0,0,0,0
2022-12-09,2018.21,4,49,12,4,2022,0,0,0,0,0
2022-12-10,1950.56,5,49,12,4,2022,1,0,0,0,0
2022-12-11,2172.01,6,49,12,4,2022,1,0,0,0,0
2022-12-12,2016.89,0,50,12,4,2022,0,0,0,0,0
2022-12-13,1868.65,1,50,12,4,2022,0,0,0,0,0
2022-12-14,1759.77,2,50,12,4,2022,0,0,0,0,0
2022-12-15,2428.49,3,50,12,4,2022,0,0,0,0,0
2022-12-16,2514.93,4,50,12,4,2022,0,0,0,0,0
2022-12-17,2679.35,5,50,12,4,2022,1,0,0,0,0
2022-12-18,2648.75,6,50,12,4,2022,1,0,0,0,0
2022-12-19,2559.76,0,51,12,4,2022,0,0,0,0,0
2022-12-20,2395.43,1,51,12,4,2022,0,0,0,0,0
2022-12-21,2322.93,2,51,12,4,2022,0,0,0,0,0
2022-12-22,2365.8,3,51,12,4,2022,0,0,0,0,0
2022-12-23,2380.65,4,51,12,4,2022,0,0,0,0,0
2022-12-24,2517.63,5,51,12,4,2022,1,0,0,0,0
2022-12-25,2656.12,6,51,12,4,2022,1,0,0,0,0
2022-12-26,1954.71,0,52,12,4,2022,0,0,0,0,0
2022-12-27,1818.49,1,52,12,4,2022,0,0,0,0,0
2022-12-28,1762.25,2,52,12,4,2022,0,0,0,0,0
2022-12-29,1825.22,3,52,12,4,2022,0,0,0,0,0
2022-12-30,1917.95,4,52,12,4,2022,0,0,0,0,0
2022-12-31,2044.84,5,52,12,4,2022,1,0,1,0,1
2023-01-01,2145.14,6,52,1,1,2023,1,1,0,1,0
2023-01-02,2028.29,0,1,1,1,2023,0,0,0,0,0
2023-01-03,1990.16,1,1,1,1,2023,0,0,0,0,0
2023-01-04,1825.17,2,1,1,1,2023,0,0,0,0,0
2023-01-05,2010.78,3,1,1,1,2023,0,0,0,0,0
2023-01-06,2118.08,4,1,1,1,2023,0,0,0,0,0
2023-01-07,2239.67,5,1,1,1,2023,1,0,0,0,0
2023-01-08,2317.04,6,1,1,1,2023,1,0,0,0,0
2023-01-09,2278.79,0,2,1,1,2023,0,0,0,0,0
2023-01-10,2121.43,1,2,1,1,2023,0,0,0,0,0
2023-01-11,1899.51,2,2,1,1,2023,0,0,0,0,0
2023-01-12,1955.37,3,2,1,1,2023,0,0,0,0,0
2023-01-13,2101.36,4,2,1,1,2023,0,0,0,0,0
2023-01-14,2244.76,5,2,1,1,2023,1,0,0,0,0
2023-01-15,2290.01,6,2,1,1,2023,1,0,0,0,0
2023-01-16,2137.16,0,3,1,1,2023,0,0,0,0,0
2023-01-17,2042.52,1,3,1,1,2023,0,0,0,0,0
2023-01-18,1904.29,2,3,1,1,2023,0,0,0,0,0
2023-01-19,1931.31,3,3,1,1,2023,0,0,0,0,0
2023-01-20,2001.16,4,3,1,1,2023,0,0,0,0,0
2023-01-21,2137.01,5,3,1,1,2023,1,0,0,0,0
2023-01-22,2141.52,6,3,1,1,2023,1,0,0,0,0
2023-01-23,2079.08,0,4,1,1,2023,0,0,0,0,0
2023-01-24,2053.55,1,4,1,1,2023,0,0,0,0,0
2023-01-25,1878.75,2,4,1,1,2023,0,0,0,0,0
2023-01-26,2096.64,3,4,1,1,2023,0,0,0,0,0
2023-01-27,2119.98,4,4,1,1,2023,0,0,0,0,0
2023-01-28,2237.72,5,4,1,1,2023,1,0,0,0,0
2023-01-29,2232.88,6,4,1,1,2023,1,0,0,0,0
2023-01-30,2249.94,0,5,1,1,2023,0,0,0,0,0
2023-01-31,2077.58,1,5,1,1,2023,0,0,1,0,0
2023-02-01,2053.56,2,5,2,1,2023,0,1,0,0,0
2023-02-02,2226.64,3,5,2,1,2023,0,0,0,0,0
2023-02-03,2232.58,4,5,2,1,2023,0,0,0,0,0
2023-02-04,2432.18,5,5,2,1,2023,1,0,0,0,0
2023-02-05,2386.56,6,5,2,1,2023,1,0,0,0,0
2023-02-06,2354.3,0,6,2,1,2023,0,0,0,0,0
2023-02-07,2326.96,1,6,2,1,2023,0,0,0,0,0
2023-02-08,2135.18,2,6,2,1,2023,0,0,0,0,0
2023-02-09,2291.95,3,6,2,1,2023,0,0,0,0,0
2023-02-10,2356.4,4,6,2,1,2023,0,0,0,0,0
2023-02-11,2409.25,5,6,2,1,2023,1,0,0,0,0
2023-02-12,2494.0,6,6,2,1,2023,1,0,0,0,0
2023-02-13,2423.23,0,7,2,1,2023,0,0,0,0,0
2023-02-14,2266.76,1,7,2,1,2023,0,0,0,0,0
2023-02-15,2065.67,2,7,2,1,2023,0,0,0,0,0
2023-02-16,2125.55,3,7,2,1,2023,0,0,0,0,0
2023-02-17,2255.34,4,7,2,1,2023,0,0,0,0,0
2023-02-18,2370.3,5,7,2,1,2023,1,0,0,0,0
2023-02-19,2424.2,6,7,2,1,2023,1,0,0,0,0
2023-02-20,2312.85,0,8,2,1,2023,0,0,0,0,0
2023-02-21,2101.31,1,8,2,1,2023,0,0,0,0,0
2023-02-22,2102.97,2,8,2,1,2023,0,0,0,0,0
2023-02-23,2143.59,3,8,2,1,2023,0,0,0,0,0
2023-02-24,2261.73,4,8,2,1,2023,0,0,0,0,0
2023-02-25,2411.79,5,8,2,1,2023,1,0,0,0,0
2023-02-26,2438.37,6,8,2,1,2023,1,0,0,0,0
2023-02-27,2351.43,0,9,2,1,2023,0,0,0,0,0
2023-02-28,2210.36,1,9,2,1,2023,0,0,1,0,0
2023-03-01,2067.38,2,9,3,1,2023,0,1,0,0,0
2023-03-02,2220.14,3,9,3,1,2023,0,0,0,0,0
2023-03-03,2346.52,4,9,3,1,2023,0,0,0,0,0
2023-03-04,2487.41,5,9,3,1,2023,1,0,0,0,0
2023-03-05,2458.91,6,9,3,1,2023,1,0,0,0,0
2023-03-06,2406.34,0,10,3,1,2023,0,0,0,0,0
2023-03-07,2399.9,1,10,3,1,2023,0,0,0,0,0
2023-03-08,2278.76,2,10,3,1,2023,0,0,0,0,0
2023-03-09,2355.61,3,10,3,1,2023,0,0,0,0,0
2023-03-10,2448.87,4,10,3,1,2023,0,0,0,0,0
2023-03-11,2571.47,5,10,3,1,2023,1,0,0,0,0
2023-03-12,2647.64,6,10,3,1,2023,1,0,0,0,0
2023-03-13,2492.13,0,11,3,1,2023,0,0,0,0,0
2023-03-14,2387.72,1,11,3,1,2023,0,0,0,0,0
2023-03-15,2270.93,2,11,3,1,2023,0,0,0,0,0
2023-03-16,2291.15,3,11,3,1,2023,0,0,0,0,0
2023-03-17,2402.71,4,11,3,1,2023,0,0,0,0,0
2023-03-18,2533.33,5,11,3,1,2023,1,0,0,0,0
2023-03-19,2513.5,6,11,3,1,2023,1,0,0,0,0
2023-03-20,2505.46,0,12,3,1,2023,0,0,0,0,0
2023-03-21,2255.01,1,12,3,1,2023,0,0,0,0,0
2023-03-22,2197.96,2,12,3,1,2023,0,0,0,0,0
2023-03-23,2205.08,3,12,3,1,2023,0,0,0,0,0
2023-03-24,2410.05,4,12,3,1,2023,0,0,0,0,0
2023-03-25,2461.11,5,12,3,1,2023,1,0,0,0,0
2023-03-26,2531.34,6,12,3,1,2023,1,0,0,0,0
2023-03-27,2327.11,0,13,3,1,2023,0,0,0,0,0
2023-03-28,2290.65,1,13,3,1,2023,0,0,0,0,0
2023-03-29,2249.78,2,13,3,1,2023,0,0,0,0,0
2023-03-30,2250.33,3,13,3,1,2023,0,0,0,0,0
2023-03-31,2431.06,4,13,3,1,2023,0,0,1,0,1
2023-04-01,2485.31,5,13,4,2,2023,1,1,0,1,0
2023-04-02,2627.91,6,13,4,2,2023,1,0,0,0,0
2023-04-03,2609.06,0,14,4,2,2023,0,0,0,0,0
2023-04-04,2363.47,1,14,4,2,2023,0,0,0,0,0
2023-04-05,2294.97,2,14,4,2,2023,0,0,0,0,0
2023-04-06,2434.15,3,14,4,2,2023,0,0,0,0,0
2023-04-07,2570.87,4,14,4,2,2023,0,0,0,0,0
2023-04-08,2593.51,5,14,4,2,2023,1,0,0,0,0
2023-04-09,2635.06,6,14,4,2,2023,1,0,0,0,0
2023-04-10,2564.95,0,15,4,2,2023,0,0,0,0,0
2023-04-11,2382.31,1,15,4,2,2023,0,0,0,0,0
2023-04-12,2319.63,2,15,4,2,2023,0,0,0,0,0
2023-04-13,2338.19,3,15,4,2,2023,0,0,0,0,0
2023-04-14,2458.12,4,15,4,2,2023,0,0,0,0,0
2023-04-15,2600.25,5,15,4,2,2023,1,0,0,0,0
2023-04-16,2628.75,6,15,4,2,2023,1,0,0,0,0
2023-04-17,2597.98,0,16,4,2,2023,0,0,0,0,0
2023-04-18,2324.09,1,16,4,2,2023,0,0,0,0,0
2023-04-19,2325.64,2,16,4,2,2023,0,0,0,0,0
2023-04-20,2278.8,3,16,4,2,2023,0,0,0,0,0
2023-04-21,2389.62,4,16,4,2,2023,0,0,0,0,0
2023-04-22,2530.26,5,16,4,2,2023,1,0,0,0,0
2023-04-23,2458.87,6,16,4,2,2023,1,0,0,0,0
2023-04-24,2445.28,0,17,4,2,2023,0,0,0,0,0
2023-04-25,2299.73,1,17,4,2,2023,0,0,0,0,0
2023-04-26,2233.57,2,17,4,2,2023,0,0,0,0,0
2023-04-27,2254.37,3,17,4,2,2023,0,0,0,0,0
2023-04-28,2485.15,4,17,4,2,2023,0,0,0,0,0
2023-04-29,2455.91,5,17,4,2,2023,1,0,0,0,0
2023-04-30,2500.92,6,17,4,2,2023,1,0,1,0,0
2023-05-01,2427.93,0,18,5,2,2023,0,1,0,0,0
2023-05-02,2315.41,1,18,5,2,2023,0,0,0,0,0
2023-05-03,2245.25,2,18,5,2,2023,0,0,0,0,0
2023-05-04,2380.78,3,18,5,2,2023,0,0,0,0,0
2023-05-05,2524.32,4,18,5,2,2023,0,0,0,0,0
2023-05-06,2555.5,5,18,5,2,2023,1,0,0,0,0
2023-05-07,2582.98,6,18,5,2,2023,1,0,0,0,0
2023-05-08,2576.21,0,19,5,2,2023,0,0,0,0,0
2023-05-09,2401.18,1,19,5,2,2023,0,0,0,0,0
2023-05-10,2382.41,2,19,5,2,2023,0,0,0,0,0
2023-05-11,2389.59,3,19,5,2,2023,0,0,0,0,0
2023-05-12,2417.18,4,19,5,2,2023,0,0,0,0,0
2023-05-13,2680.48,5,19,5,2,2023,1,0,0,0,0
2023-05-14,2711.57,6,19,5,2,2023,1,0,0,0,0
2023-05-15,2496.88,0,20,5,2,2023,0,0,0,0,0
2023-05-16,2362.54,1,20,5,2,2023,0,0,0,0,0
2023-05-17,2297.87,2,20,5,2,2023,0,0,0,0,0
2023-05-18,2310.94,3,20,5,2,2023,0,0,0,0,0
2023-05-19,2425.66,4,20,5,2,2023,0,0,0,0,0
2023-05-20,2592.01,5,20,5,2,2023,1,0,0,0,0
2023-05-21,2494.06,6,20,5,2,2023,1,0,0,0,0
2023-05-22,2365.87,0,21,5,2,2023,0,0,0,0,0
2023-05-23,2192.86,1,21,5,2,2023,0,0,0,0,0
2023-05-24,2132.97,2,21,5,2,2023,0,0,0,0,0
2023-05-25,2188.68,3,21,5,2,2023,0,0,0,0,0
2023-05-26,2392.44,4,21,5,2,2023,0,0,0,0,0
2023-05-27,2392.55,5,21,5,2,2023,1,0,0,0,0
2023-05-28,2460.32,6,21,5,2,2023,1,0,0,0,0
2023-05-29,2371.99,0,22,5,2,2023,0,0,0,0,0
2023-05-30,2309.67,1,22,5,2,2023,0,0,0,0,0
2023-05-31,2305.39,2,22,5,2,2023,0,0,1,0,0
2023-06-01,2293.18,3,22,6,2,2023,0,1,0,0,0
2023-06-02,2425.42,4,22,6,2,2023,0,0,0,0,0
2023-06-03,2632.74,5,22,6,2,2023,1,0,0,0,0
2023-06-04,2656.75,6,22,6,2,2023,1,0,0,0,0
2023-06-05,2646.09,0,23,6,2,2023,0,0,0,0,0
2023-06-06,2463.48,1,23,6,2,2023,0,0,0,0,0
2023-06-07,2343.72,2,23,6,2,2023,0,0,0,0,0
2023-06-08,2426.09,3,23,6,2,2023,0,0,0,0,0
2023-06-09,2572.14,4,23,6,2,2023,0,0,0,0,0
2023-06-10,2674.58,5,23,6,2,2023,1,0,0,0,0
2023-06-11,2684.04,6,23,6,2,2023,1,0,0,0,0
2023-06-12,2623.6,0,24,6,2,2023,0,0,0,0,0
2023-06-13,2488.08,1,24,6,2,2023,0,0,0,0,0
2023-06-14,2404.15,2,24,6,2,2023,0,0,0,0,0
2023-06-15,2380.5,3,24,6,2,2023,0,0,0,0,0
2023-06-16,2439.06,4,24,6,2,2023,0,0,0,0,0
2023-06-17,2552.73,5,24,6,2,2023,1,0,0,0,0
2023-06-18,2614.67,6,24,6,2,2023,1,0,0,0,0
2023-06-19,2412.33,0,25,6,2,2023,0,0,0,0,0
2023-06-20,2322.12,1,25,6,2,2023,0,0,0,0,0
2023-06-21,2184.89,2,25,6,2,2023,0,0,0,0,0
2023-06-22,2218.95,3,25,6,2,2023,0,0,0,0,0
2023-06-23,2385.19,4,25,6,2,2023,0,0,0,0,0
2023-06-24,2437.49,5,25,6,2,2023,1,0,0,0,0
2023-06-25,2451.81,6,25,6,2,2023,1,0,0,0,0
2023-06-26,2296.28,0,26,6,2,2023,0,0,0,0,0
2023-06-27,2270.75,1,26,6,2,2023,0,0,0,0,0
2023-06-28,2187.12,2,26,6,2,2023,0,0,0,0,0
2023-06-29,2297.51,3,26,6,2,2023,0,0,0,0,0
2023-06-30,2299.36,4,26,6,2,2023,0,0,1,0,1
2023-07-01,2453.19,5,26,7,3,2023,1,1,0,1,0
2023-07-02,2495.36,6,26,7,3,2023,1,0,0,0,0
2023-07-03,2493.13,0,27,7,3,2023,0,0,0,0,0
2023-07-04,2291.99,1,27,7,3,2023,0,0,0,0,0
2023-07-05,2241.65,2,27,7,3,2023,0,0,0,0,0
2023-07-06,2297.94,3,27,7,3,2023,0,0,0,0,0
2023-07-07,2403.17,4,27,7,3,2023,0,0,0,0,0
2023-07-08,2495.42,5,27,7,3,2023,1,0,0,0,0
2023-07-09,2560.21,6,27,7,3,2023,1,0,0,0,0
2023-07-10,2523.68,0,28,7,3,2023,0,0,0,0,0
2023-07-11,2285.81,1,28,7,3,2023,0,0,0,0,0
2023-07-12,2256.55,2,28,7,3,2023,0,0,0,0,0
2023-07-13,2234.51,3,28,7,3,2023,0,0,0,0,0
2023-07-14,2434.14,4,28,7,3,2023,0,0,0,0,0
2023-07-15,2400.44,5,28,7,3,2023,1,0,0,0,0
2023-07-16,2460.36,6,28,7,3,2023,1,0,0,0,0
2023-07-17,2407.15,0,29,7,3,2023,0,0,0,0,0
2023-07-18,2316.58,1,29,7,3,2023,0,0,0,0,0
2023-07-19,2133.77,2,29,7,3,2023,0,0,0,0,0
2023-07-20,2118.6,3,29,7,3,2023,0,0,0,0,0
2023-07-21,2339.15,4,29,7,3,2023,0,0,0,0,0
2023-07-22,2273.17,5,29,7,3,2023,1,0,0,0,0
2023-07-23,2250.11,6,29,7,3,2023,1,0,0,0,0
2023-07-24,2289.2,0,30,7,3,2023,0,0,0,0,0
2023-07-25,2103.36,1,30,7,3,2023,0,0,0,0,0
2023-07-26,1991.04,2,30,7,3,2023,0,0,0,0,0
2023-07-27,2104.7,3,30,7,3,2023,0,0,0,0,0
2023-07-28,2200.33,4,30,7,3,2023,0,0,0,0,0
2023-07-29,2281.95,5,30,7,3,2023,1,0,0,0,0
2023-07-30,2282.66,6,30,7,3,2023,1,0,0,0,0
2023-07-31,2319.05,0,31,7,3,2023,0,0,1,0,0
2023-08-01,2189.49,1,31,8,3,2023,0,1,0,0,0
2023-08-02,2083.75,2,31,8,3,2023,0,0,0,0,0
2023-08-03,2223.38,3,31,8,3,2023,0,0,0,0,0
2023-08-04,2207.99,4,31,8,3,2023,0,0,0,0,0
2023-08-05,2314.76,5,31,8,3,2023,1,0,0,0,0
2023-08-06,2396.14,6,31,8,3,2023,1,0,0,0,0
2023-08-07,2355.91,0,32,8,3,2023,0,0,0,0,0
2023-08-08,2246.19,1,32,8,3,2023,0,0,0,0,0
2023-08-09,2143.82,2,32,8,3,2023,0,0,0,0,0
2023-08-10,2202.23,3,32,8,3,2023,0,0,0,0,0
2023-08-11,2235.77,4,32,8,3,2023,0,0,0,0,0
2023-08-12,2480.95,5,32,8,3,2023,1,0,0,0,0
2023-08-13,2423.64,6,32,8,3,2023,1,0,0,0,0
2023-08-14,2389.67,0,33,8,3,2023,0,0,0,0,0
2023-08-15,2205.63,1,33,8,3,2023,0,0,0,0,0
2023-08-16,2113.19,2,33,8,3,2023,0,0,0,0,0
2023-08-17,2129.61,3,33,8,3,2023,0,0,0,0,0
2023-08-18,2222.04,4,33,8,3,2023,0,0,0,0,0
2023-08-19,2330.5,5,33,8,3,2023,1,0,0,0,0
2023-08-20,2376.07,6,33,8,3,2023,1,0,0,0,0
2023-08-21,2222.08,0,34,8,3,2023,0,0,0,0,0
2023-08-22,2103.45,1,34,8,3,2023,0,0,0,0,0
2023-08-23,1970.91,2,34,8,3,2023,0,0,0,0,0
2023-08-24,2067.94,3,34,8,3,2023,0,0,0,0,0
2023-08-25,2074.28,4,34,8,3,2023,0,0,0,0,0
2023-08-26,2313.76,5,34,8,3,2023,1,0,0,0,0
2023-08-27,2252.46,6,34,8,3,2023,1,0,0,0,0
2023-08-28,2106.86,0,35,8,3,2023,0,0,0,0,0
2023-08-29,2062.74,1,35,8,3,2023,0,0,0,0,0
2023-08-30,1951.83,2,35,8,3,2023,0,0,0,0,0
2023-08-31,2069.69,3,35,8,3,2023,0,0,1,0,0
2023-09-01,2026.59,4,35,9,3,2023,0,1,0,0,0
2023-09-02,2169.3,5,35,9,3,2023,1,0,0,0,0
2023-09-03,2141.35,6,35,9,3,2023,1,0,0,0,0
2023-09-04,2146.74,0,36,9,3,2023,0,0,0,0,0
2023-09-05,1931.45,1,36,9,3,2023,0,0,0,0,0
2023-09-06,1903.91,2,36,9,3,2023,0,0,0,0,0
2023-09-07,2059.32,3,36,9,3,2023,0,0,0,0,0
2023-09-08,2184.28,4,36,9,3,2023,0,0,0,0,0
2023-09-09,2286.86,5,36,9,3,2023,1,0,0,0,0
2023-09-10,2246.23,6,36,9,3,2023,1,0,0,0,0
2023-09-11,2207.77,0,37,9,3,2023,0,0,0,0,0
2023-09-12,2073.34,1,37,9,3,2023,0,0,0,0,0
2023-09-13,1925.05,2,37,9,3,2023,0,0,0,0,0
2023-09-14,2075.15,3,37,9,3,2023,0,0,0,0,0
2023-09-15,2147.12,4,37,9,3,2023,0,0,0,0,0
2023-09-16,2194.01,5,37,9,3,2023,1,0,0,0,0
2023-09-17,2219.08,6,37,9,3,2023,1,0,0,0,0
2023-09-18,2130.59,0,38,9,3,2023,0,0,0,0,0
2023-09-19,1872.09,1,38,9,3,2023,0,0,0,0,0
2023-09-20,1866.08,2,38,9,3,2023,0,0,0,0,0
2023-09-21,1860.6,3,38,9,3,2023,0,0,0,0,0
2023-09-22,1951.63,4,38,9,3,2023,0,0,0,0,0
2023-09-23,2097.56,5,38,9,3,2023,1,0,0,0,0
2023-09-24,2226.32,6,38,9,3,2023,1,0,0,0,0
2023-09-25,2086.59,0,39,9,3,2023,0,0,0,0,0
2023-09-26,1898.59,1,39,9,3,2023,0,0,0,0,0
2023-09-27,1880.78,2,39,9,3,2023,0,0,0,0,0
2023-09-28,1960.41,3,39,9,3,2023,0,0,0,0,0
2023-09-29,2066.1,4,39,9,3,2023,0,0,0,0,0
2023-09-30,2154.62,5,39,9,3,2023,1,0,1,0,1
2023-10-01,2164.52,6,39,10,4,2023,1,1,0,1,0
2023-10-02,2168.03,0,40,10,4,2023,0,0,0,0,0
2023-10-03,2040.49,1,40,10,4,2023,0,0,0,0,0
2023-10-04,2002.03,2,40,10,4,2023,0,0,0,0,0
2023-10-05,2034.68,3,40,10,4,2023,0,0,0,0,0
2023-10-06,2187.77,4,40,10,4,2023,0,0,0,0,0
2023-10-07,2238.77,5,40,10,4,2023,1,0,0,0,0
2023-10-08,2370.7,6,40,10,4,2023,1,0,0,0,0
2023-10-09,2240.9,0,41,10,4,2023,0,0,0,0,0
2023-10-10,2208.76,1,41,10,4,2023,0,0,0,0,0
2023-10-11,1990.2,2,41,10,4,2023,0,0,0,0,0
2023-10-12,2138.0,3,41,10,4,2023,0,0,0,0,0
2023-10-13,2172.88,4,41,10,4,2023,0,0,0,0,0
2023-10-14,2239.48,5,41,10,4,2023,1,0,0,0,0
2023-10-15,2266.32,6,41,10,4,2023,1,0,0,0,0
2023-10-16,2181.11,0,42,10,4,2023,0,0,0,0,0
2023-10-17,2074.83,1,42,10,4,2023,0,0,0,0,0
2023-10-18,1984.84,2,42,10,4,2023,0,0,0,0,0
2023-10-19,1945.47,3,42,10,4,2023,0,0,0,0,0
2023-10-20,2077.67,4,42,10,4,2023,0,0,0,0,0
2023-10-21,2292.34,5,42,10,4,2023,1,0,0,0,0
2023-10-22,2291.84,6,42,10,4,2023,1,0,0,0,0
2023-10-23,2140.09,0,43,10,4,2023,0,0,0,0,0
2023-10-24,1987.07,1,43,10,4,2023,0,0,0,0,0
2023-10-25,1910.42,2,43,10,4,2023,0,0,0,0,0
2023-10-26,1967.94,3,43,10,4,2023,0,0,0,0,0
2023-10-27,2010.72,4,43,10,4,2023,0,0,0,0,0
2023-10-28,2176.87,5,43,10,4,2023,1,0,0,0,0
2023-10-29,2148.86,6,43,10,4,2023,1,0,0,0,0
2023-10-30,2187.24,0,44,10,4,2023,0,0,0,0,0
2023-10-31,2087.64,1,44,10,4,2023,0,0,1,0,0
2023-11-01,1969.55,2,44,11,4,2023,0,1,0,0,0
2023-11-02,2121.7,3,44,11,4,2023,0,0,0,0,0
2023-11-03,2119.37,4,44,11,4,2023,0,0,0,0,0
2023-11-04,2244.45,5,44,11,4,2023,1,0,0,0,0
2023-11-05,2376.28,6,44,11,4,2023,1,0,0,0,0
2023-11-06,2352.75,0,45,11,4,2023,0,0,0,0,0
2023-11-07,2268.49,1,45,11,4,2023,0,0,0,0,0
2023-11-08,2091.39,2,45,11,4,2023,0,0,0,0,0
2023-11-09,2205.29,3,45,11,4,2023,0,0,0,0,0
2023-11-10,2271.46,4,45,11,4,2023,0,0,0,0,0
2023-11-11,2383.46,5,45,11,4,2023,1,0,0,0,0
2023-11-12,2463.5,6,45,11,4,2023,1,0,0,0,0
2023-11-13,2366.13,0,46,11,4,2023,0,0,0,0,0
2023-11-14,2117.36,1,46,11,4,2023,0,0,0,0,0
2023-11-15,2179.68,2,46,11,4,2023,0,0,0,0,0
2023-11-16,2193.24,3,46,11,4,2023,0,0,0,0,0
2023-11-17,2198.89,4,46,11,4,2023,0,0,0,0,0
2023-11-18,2355.83,5,46,11,4,2023,1,0,0,0,0
2023-11-19,2378.94,6,46,11,4,2023,1,0,0,0,0
2023-11-20,2276.65,0,47,11,4,2023,0,0,0,0,0
2023-11-21,2098.4,1,47,11,4,2023,0,0,0,0,0
2023-11-22,2006.12,2,47,11,4,2023,0,0,0,0,0
2023-11-23,2865.22,3,47,11,4,2023,0,0,0,0,0
2023-11-24,3043.47,4,47,11,4,2023,0,0,0,0,0
2023-11-25,3133.76,5,47,11,4,2023,1,0,0,0,0
2023-11-26,3124.93,6,47,11,4,2023,1,0,0,0,0
2023-11-27,3112.15,0,48,11,4,2023,0,0,0,0,0
2023-11-28,2815.33,1,48,11,4,2023,0,0,0,0,0
2023-11-29,2951.12,2,48,11,4,2023,0,0,0,0,0
2023-11-30,2854.99,3,48,11,4,2023,0,0,1,0,0
2023-12-01,2262.12,4,48,12,4,2023,0,1,0,0,0
2023-12-02,2363.54,5,48,12,4,2023,1,0,0,0,0
2023-12-03,2406.08,6,48,12,4,2023,1,0,0,0,0
2023-12-04,2469.65,0,49,12,4,2023,0,0,0,0,0
2023-12-05,2278.95,1,49,12,4,2023,0,0,0,0,0
2023-12-06,2257.7,2,49,12,4,2023,0,0,0,0,0
2023-12-07,2283.94,3,49,12,4,2023,0,0,0,0,0
2023-12-08,2441.63,4,49,12,4,2023,0,0,0,0,0
2023-12-09,2550.03,5,49,12,4,2023,1,0,0,0,0
2023-12-10,2518.86,6,49,12,4,2023,1,0,0,0,0
2023-12-11,2556.16,0,50,12,4,2023,0,0,0,0,0
2023-12-12,2352.7,1,50,12,4,2023,0,0,0,0,0
2023-12-13,2216.52,2,50,12,4,2023,0,0,0,0,0
2023-12-14,2297.28,3,50,12,4,2023,0,0,0,0,0
2023-12-15,3104.1,4,50,12,4,2023,0,0,0,0,0
2023-12-16,3180.22,5,50,12,4,2023,1,0,0,0,0
2023-12-17,3139.53,6,50,12,4,2023,1,0,0,0,0
2023-12-18,3048.22,0,51,12,4,2023,0,0,0,0,0
2023-12-19,2909.6,1,51,12,4,2023,0,0,0,0,0
2023-12-20,2939.5,2,51,12,4,2023,0,0,0,0,0
2023-12-21,2876.49,3,51,12,4,2023,0,0,0,0,0
2023-12-22,2991.13,4,51,12,4,2023,0,0,0,0,0
2023-12-23,3136.06,5,51,12,4,2023,1,0,0,0,0
2023-12-24,3126.16,6,51,12,4,2023,1,0,0,0,0
2023-12-25,3024.12,0,52,12,4,2023,0,0,0,0,0
2023-12-26,2304.5,1,52,12,4,2023,0,0,0,0,0
2023-12-27,2240.35,2,52,12,4,2023,0,0,0,0,0
2023-12-28,2284.99,3,52,12,4,2023,0,0,0,0,0
2023-12-29,2457.32,4,52,12,4,2023,0,0,0,0,0
2023-12-30,2560.06,5,52,12,4,2023,1,0,0,0,0
2023-12-31,2644.18,6,52,12,4,2023,1,0,1,0,1
